date,name,book_title
1/1/2024,Count Rugen,Miracle Max’s Potion Manual
1/1/2024,Westley,Rodents of Unusual Size: A Field Guide
1/1/2024,Westley,The Secret Passage Scrolls
1/2/2024,Inigo Montoya,Inconceivable Tales
1/2/2024,Westley,The Royal Wedding of Florin
1/3/2024,Miracle Max,The Revenge Chamber Chronicles
1/4/2024,Valerie,Rodents of Unusual Size: A Field Guide
1/6/2024,Westley,The Secret Passage Scrolls
1/7/2024,Valerie,The Cliffs of Insanity Climbing Log
1/7/2024,Inigo Montoya,The Royal Wedding of Florin
1/8/2024,Prince Humperdink,The Secret Passage Scrolls
1/9/2024,Inigo Montoya,The Dread Pirate’s Code
1/9/2024,Valerie,The Six-Fingered Man’s Memoirs
1/9/2024,Valerie,The Sword of True Love
1/11/2024,Prince Humperdink,The Royal Wedding of Florin
1/13/2024,Count Rugen,Fezzik’s Book of Rhymes
1/13/2024,Valerie,The Fire Swamp Survival Guide
1/13/2024,Valerie,The Pit of Despair Diaries
1/14/2024,Prince Humperdink,Fezzik’s Book of Rhymes
1/15/2024,Vizzini,Miracle Max’s Potion Manual
1/16/2024,Fezzik,The Fire Swamp Survival Guide
1/16/2024,Fezzik,The Six-Fingered Man’s Memoirs
1/17/2024,Valerie,Inconceivable Tales
1/18/2024,Prince Humperdink,Miracle Max’s Potion Manual
1/18/2024,Prince Humperdink,The Fire Swamp Survival Guide
1/19/2024,Buttercup,The Dread Pirate’s Code
1/21/2024,Buttercup,The Six-Fingered Man’s Memoirs
1/22/2024,Prince Humperdink,The Fire Swamp Survival Guide
1/23/2024,Inigo Montoya,The Royal Wedding of Florin
1/24/2024,Count Rugen,The Fire Swamp Survival Guide
1/25/2024,Westley,The Revenge Chamber Chronicles
1/26/2024,Miracle Max,The Pit of Despair Diaries
1/26/2024,Buttercup,The Royal Wedding of Florin
1/26/2024,Miracle Max,The Secret Passage Scrolls
1/27/2024,Valerie,The Cliffs of Insanity Climbing Log
1/27/2024,Buttercup,The Cliffs of Insanity Climbing Log
1/28/2024,Fezzik,Miracle Max’s Potion Manual
1/28/2024,Fezzik,The Fire Swamp Survival Guide
1/29/2024,Miracle Max,The Cliffs of Insanity Climbing Log
1/30/2024,Count Rugen,Inconceivable Tales
1/30/2024,Inigo Montoya,The Six-Fingered Man’s Memoirs
1/31/2024,Count Rugen,The Fire Swamp Survival Guide
2/1/2024,Inigo Montoya,The Cliffs of Insanity Climbing Log
2/1/2024,Buttercup,The Secret Passage Scrolls
2/5/2024,Fezzik,The Pit of Despair Diaries
2/6/2024,Buttercup,Miracle Max’s Potion Manual
2/6/2024,Inigo Montoya,The Pit of Despair Diaries
2/6/2024,Miracle Max,The Six-Fingered Man’s Memoirs
2/7/2024,Count Rugen,The Secret Passage Scrolls
2/8/2024,Valerie,The Secret Passage Scrolls
2/9/2024,Inigo Montoya,Fezzik’s Book of Rhymes
2/9/2024,Vizzini,The Dread Pirate’s Code
2/9/2024,Prince Humperdink,The Royal Wedding of Florin
2/14/2024,Inigo Montoya,Rodents of Unusual Size: A Field Guide
2/14/2024,Count Rugen,The Cliffs of Insanity Climbing Log
2/15/2024,Miracle Max,Fezzik’s Book of Rhymes
2/15/2024,Miracle Max,The Dread Pirate’s Code
2/16/2024,Vizzini,The Pit of Despair Diaries
2/17/2024,Vizzini,Miracle Max’s Potion Manual
2/17/2024,Valerie,The Revenge Chamber Chronicles
2/18/2024,Prince Humperdink,The Dread Pirate’s Code
2/18/2024,Prince Humperdink,The Royal Wedding of Florin
2/19/2024,Vizzini,The Pit of Despair Diaries
2/20/2024,Inigo Montoya,Fezzik’s Book of Rhymes
2/20/2024,Vizzini,Miracle Max’s Potion Manual
2/21/2024,Prince Humperdink,The Revenge Chamber Chronicles
2/22/2024,Fezzik,Miracle Max’s Potion Manual
2/22/2024,Miracle Max,The Revenge Chamber Chronicles
2/23/2024,Buttercup,Miracle Max’s Potion Manual
2/25/2024,Buttercup,The Revenge Chamber Chronicles
2/25/2024,Prince Humperdink,The Royal Wedding of Florin
2/26/2024,Fezzik,The Secret Passage Scrolls
2/27/2024,Inigo Montoya,The Dread Pirate’s Code
2/27/2024,Miracle Max,The Fire Swamp Survival Guide
2/28/2024,Prince Humperdink,The Cliffs of Insanity Climbing Log
2/28/2024,Prince Humperdink,The Secret Passage Scrolls
2/29/2024,Miracle Max,The Dread Pirate’s Code
3/1/2024,Valerie,Miracle Max’s Potion Manual
3/1/2024,Westley,Rodents of Unusual Size: A Field Guide
3/1/2024,Count Rugen,The Secret Passage Scrolls
3/5/2024,Prince Humperdink,The Fire Swamp Survival Guide
3/5/2024,Vizzini,The Royal Wedding of Florin
3/5/2024,Fezzik,The Six-Fingered Man’s Memoirs
3/6/2024,Inigo Montoya,Fezzik’s Book of Rhymes
3/6/2024,Buttercup,Inconceivable Tales
3/6/2024,Prince Humperdink,The Six-Fingered Man’s Memoirs
3/7/2024,Valerie,Fezzik’s Book of Rhymes
3/7/2024,Inigo Montoya,The Six-Fingered Man’s Memoirs
3/9/2024,Westley,Rodents of Unusual Size: A Field Guide
3/10/2024,Westley,The Fire Swamp Survival Guide
3/10/2024,Count Rugen,The Secret Passage Scrolls
3/11/2024,Westley,Miracle Max’s Potion Manual
3/13/2024,Prince Humperdink,The Revenge Chamber Chronicles
3/13/2024,Buttercup,The Royal Wedding of Florin
3/13/2024,Westley,The Tale of the Albino Healer
3/14/2024,Westley,Miracle Max’s Potion Manual
3/15/2024,Buttercup,The Cliffs of Insanity Climbing Log
3/16/2024,Miracle Max,Miracle Max’s Potion Manual
3/17/2024,Buttercup,The Dread Pirate’s Code
3/18/2024,Prince Humperdink,Fezzik’s Book of Rhymes
3/18/2024,Inigo Montoya,The Pit of Despair Diaries
3/19/2024,Fezzik,Miracle Max’s Potion Manual
3/20/2024,Fezzik,Rodents of Unusual Size: A Field Guide
3/20/2024,Vizzini,Rodents of Unusual Size: A Field Guide
3/21/2024,Miracle Max,The Pit of Despair Diaries
3/22/2024,Fezzik,Rodents of Unusual Size: A Field Guide
3/22/2024,Westley,The Sword of True Love
3/23/2024,Prince Humperdink,The Sword of True Love
3/24/2024,Westley,Miracle Max’s Potion Manual
3/25/2024,Miracle Max,Miracle Max’s Potion Manual
3/27/2024,Buttercup,The Tale of the Albino Healer
3/28/2024,Westley,The Dread Pirate’s Code
3/28/2024,Miracle Max,The Fire Swamp Survival Guide
3/28/2024,Valerie,The Secret Passage Scrolls
3/29/2024,Prince Humperdink,Inconceivable Tales
3/29/2024,Buttercup,The Tale of the Albino Healer
3/31/2024,Fezzik,The Revenge Chamber Chronicles
4/1/2024,Inigo Montoya,The Pit of Despair Diaries
4/1/2024,Prince Humperdink,The Secret Passage Scrolls
4/1/2024,Fezzik,The Sword of True Love
4/2/2024,Valerie,Fezzik’s Book of Rhymes
4/2/2024,Miracle Max,The Royal Wedding of Florin
4/4/2024,Count Rugen,Rodents of Unusual Size: A Field Guide
4/5/2024,Valerie,The Cliffs of Insanity Climbing Log
4/6/2024,Westley,The Secret Passage Scrolls
4/8/2024,Inigo Montoya,The Fire Swamp Survival Guide
4/9/2024,Valerie,Buttercup’s Rebellion
4/9/2024,Inigo Montoya,The Pit of Despair Diaries
4/10/2024,Vizzini,Miracle Max’s Potion Manual
4/11/2024,Valerie,The Six-Fingered Man’s Memoirs
4/12/2024,Buttercup,Rodents of Unusual Size: A Field Guide
4/13/2024,Buttercup,Miracle Max’s Potion Manual
4/13/2024,Miracle Max,The Pit of Despair Diaries
4/13/2024,Prince Humperdink,The Six-Fingered Man’s Memoirs
4/14/2024,Count Rugen,Miracle Max’s Potion Manual
4/14/2024,Valerie,The Pit of Despair Diaries
4/15/2024,Count Rugen,Inconceivable Tales
4/17/2024,Valerie,The Pit of Despair Diaries
4/18/2024,Westley,The Sword of True Love
4/18/2024,Miracle Max,The Sword of True Love
4/21/2024,Vizzini,The Fire Swamp Survival Guide
4/21/2024,Prince Humperdink,The Revenge Chamber Chronicles
4/22/2024,Prince Humperdink,Fezzik’s Book of Rhymes
4/22/2024,Inigo Montoya,The Dread Pirate’s Code
4/23/2024,Buttercup,Miracle Max’s Potion Manual
4/26/2024,Vizzini,Inconceivable Tales
4/27/2024,Westley,The Cliffs of Insanity Climbing Log
4/27/2024,Buttercup,The Dread Pirate’s Code
4/27/2024,Vizzini,The Fire Swamp Survival Guide
4/28/2024,Valerie,Fezzik’s Book of Rhymes
4/28/2024,Count Rugen,The Secret Passage Scrolls
4/30/2024,Miracle Max,Miracle Max’s Potion Manual
4/30/2024,Prince Humperdink,The Fire Swamp Survival Guide
5/1/2024,Vizzini,Fezzik’s Book of Rhymes
5/2/2024,Valerie,The Fire Swamp Survival Guide
5/3/2024,Westley,The Dread Pirate’s Code
5/3/2024,Miracle Max,The Royal Wedding of Florin
5/4/2024,Inigo Montoya,Fezzik’s Book of Rhymes
5/4/2024,Count Rugen,Miracle Max’s Potion Manual
5/5/2024,Westley,The Sword of True Love
5/5/2024,Fezzik,The Sword of True Love
5/6/2024,Westley,Miracle Max’s Potion Manual
5/6/2024,Westley,The Fire Swamp Survival Guide
5/6/2024,Fezzik,The Sword of True Love
5/7/2024,Valerie,The Dread Pirate’s Code
5/8/2024,Valerie,Inconceivable Tales
5/8/2024,Miracle Max,Inconceivable Tales
5/8/2024,Westley,Rodents of Unusual Size: A Field Guide
5/10/2024,Buttercup,The Fire Swamp Survival Guide
5/10/2024,Fezzik,The Sword of True Love
5/12/2024,Westley,The Royal Wedding of Florin
5/12/2024,Fezzik,The Secret Passage Scrolls
5/13/2024,Buttercup,Miracle Max’s Potion Manual
5/13/2024,Miracle Max,The Fire Swamp Survival Guide
5/13/2024,Vizzini,The Six-Fingered Man’s Memoirs
5/13/2024,Vizzini,The Six-Fingered Man’s Memoirs
5/15/2024,Fezzik,The Cliffs of Insanity Climbing Log
5/15/2024,Fezzik,The Dread Pirate’s Code
5/15/2024,Miracle Max,The Sword of True Love
5/15/2024,Fezzik,The Sword of True Love
5/17/2024,Westley,The Secret Passage Scrolls
5/17/2024,Vizzini,The Sword of True Love
5/18/2024,Vizzini,The Revenge Chamber Chronicles
5/18/2024,Prince Humperdink,The Secret Passage Scrolls
5/19/2024,Vizzini,Rodents of Unusual Size: A Field Guide
5/19/2024,Count Rugen,The Tale of the Albino Healer
5/20/2024,Miracle Max,The Dread Pirate’s Code
5/20/2024,Valerie,The Tale of the Albino Healer
5/21/2024,Westley,The Revenge Chamber Chronicles
5/21/2024,Fezzik,The Six-Fingered Man’s Memoirs
5/22/2024,Buttercup,The Royal Wedding of Florin
5/24/2024,Vizzini,The Secret Passage Scrolls
5/24/2024,Count Rugen,The Secret Passage Scrolls
5/26/2024,Inigo Montoya,Fezzik’s Book of Rhymes
5/28/2024,Fezzik,The Fire Swamp Survival Guide
5/29/2024,Prince Humperdink,The Dread Pirate’s Code
5/31/2024,Count Rugen,The Cliffs of Insanity Climbing Log
6/1/2024,Buttercup,Rodents of Unusual Size: A Field Guide
6/1/2024,Fezzik,The Secret Passage Scrolls
6/2/2024,Buttercup,Buttercup’s Rebellion
6/2/2024,Count Rugen,The Cliffs of Insanity Climbing Log
6/2/2024,Buttercup,The Dread Pirate’s Code
6/2/2024,Count Rugen,The Tale of the Albino Healer
6/3/2024,Buttercup,Inconceivable Tales
6/4/2024,Count Rugen,The Royal Wedding of Florin
6/4/2024,Vizzini,The Sword of True Love
6/5/2024,Inigo Montoya,Buttercup’s Rebellion
6/6/2024,Buttercup,Inconceivable Tales
6/6/2024,Valerie,The Royal Wedding of Florin
6/7/2024,Miracle Max,The Secret Passage Scrolls
6/7/2024,Buttercup,The Six-Fingered Man’s Memoirs
6/8/2024,Westley,Miracle Max’s Potion Manual
6/8/2024,Buttercup,Rodents of Unusual Size: A Field Guide
6/8/2024,Buttercup,The Pit of Despair Diaries
6/9/2024,Vizzini,The Fire Swamp Survival Guide
6/11/2024,Prince Humperdink,The Royal Wedding of Florin
6/12/2024,Valerie,The Pit of Despair Diaries
6/16/2024,Vizzini,Miracle Max’s Potion Manual
6/16/2024,Fezzik,The Revenge Chamber Chronicles
6/16/2024,Valerie,The Tale of the Albino Healer
6/17/2024,Miracle Max,The Cliffs of Insanity Climbing Log
6/17/2024,Prince Humperdink,The Cliffs of Insanity Climbing Log
6/18/2024,Fezzik,The Pit of Despair Diaries
6/18/2024,Valerie,The Secret Passage Scrolls
6/18/2024,Count Rugen,The Tale of the Albino Healer
6/19/2024,Westley,Fezzik’s Book of Rhymes
6/19/2024,Count Rugen,The Sword of True Love
6/21/2024,Miracle Max,Inconceivable Tales
6/21/2024,Inigo Montoya,The Six-Fingered Man’s Memoirs
6/24/2024,Westley,Buttercup’s Rebellion
6/24/2024,Count Rugen,The Sword of True Love
6/25/2024,Count Rugen,The Cliffs of Insanity Climbing Log
6/26/2024,Vizzini,Fezzik’s Book of Rhymes
6/26/2024,Miracle Max,Inconceivable Tales
6/26/2024,Fezzik,The Revenge Chamber Chronicles
6/26/2024,Vizzini,The Royal Wedding of Florin
6/27/2024,Buttercup,The Royal Wedding of Florin
6/30/2024,Inigo Montoya,The Pit of Despair Diaries
7/1/2024,Miracle Max,Miracle Max’s Potion Manual
7/1/2024,Prince Humperdink,Rodents of Unusual Size: A Field Guide
7/1/2024,Fezzik,The Cliffs of Insanity Climbing Log
7/1/2024,Prince Humperdink,The Secret Passage Scrolls
7/2/2024,Inigo Montoya,Buttercup’s Rebellion
7/2/2024,Buttercup,Inconceivable Tales
7/3/2024,Count Rugen,Buttercup’s Rebellion
7/4/2024,Inigo Montoya,Miracle Max’s Potion Manual
7/4/2024,Buttercup,The Fire Swamp Survival Guide
7/5/2024,Miracle Max,The Fire Swamp Survival Guide
7/5/2024,Inigo Montoya,The Six-Fingered Man’s Memoirs
7/6/2024,Count Rugen,The Dread Pirate’s Code
7/9/2024,Valerie,The Dread Pirate’s Code
7/9/2024,Inigo Montoya,The Pit of Despair Diaries
7/9/2024,Valerie,The Pit of Despair Diaries
7/10/2024,Inigo Montoya,The Six-Fingered Man’s Memoirs
7/12/2024,Valerie,Buttercup’s Rebellion
7/12/2024,Valerie,Fezzik’s Book of Rhymes
7/14/2024,Westley,Buttercup’s Rebellion
7/14/2024,Fezzik,The Pit of Despair Diaries
7/14/2024,Inigo Montoya,The Tale of the Albino Healer
7/15/2024,Fezzik,Buttercup’s Rebellion
7/15/2024,Valerie,Inconceivable Tales
7/15/2024,Miracle Max,Rodents of Unusual Size: A Field Guide
7/15/2024,Miracle Max,The Sword of True Love
7/17/2024,Valerie,Buttercup’s Rebellion
7/17/2024,Prince Humperdink,Fezzik’s Book of Rhymes
7/17/2024,Miracle Max,The Fire Swamp Survival Guide
7/18/2024,Fezzik,The Dread Pirate’s Code
7/18/2024,Inigo Montoya,The Royal Wedding of Florin
7/18/2024,Vizzini,The Sword of True Love
7/19/2024,Valerie,Buttercup’s Rebellion
7/19/2024,Prince Humperdink,The Secret Passage Scrolls
7/19/2024,Westley,The Six-Fingered Man’s Memoirs
7/20/2024,Inigo Montoya,The Sword of True Love
7/22/2024,Count Rugen,The Pit of Despair Diaries
7/23/2024,Valerie,Rodents of Unusual Size: A Field Guide
7/23/2024,Westley,The Dread Pirate’s Code
7/23/2024,Inigo Montoya,The Secret Passage Scrolls
7/23/2024,Inigo Montoya,The Sword of True Love
7/24/2024,Buttercup,The Revenge Chamber Chronicles
7/24/2024,Miracle Max,The Royal Wedding of Florin
7/25/2024,Westley,Buttercup’s Rebellion
7/26/2024,Inigo Montoya,The Cliffs of Insanity Climbing Log
7/26/2024,Prince Humperdink,The Pit of Despair Diaries
7/26/2024,Valerie,The Tale of the Albino Healer
7/27/2024,Count Rugen,Rodents of Unusual Size: A Field Guide
7/27/2024,Buttercup,The Secret Passage Scrolls
7/28/2024,Vizzini,Miracle Max’s Potion Manual
7/28/2024,Count Rugen,The Fire Swamp Survival Guide
7/29/2024,Vizzini,Rodents of Unusual Size: A Field Guide
7/29/2024,Prince Humperdink,The Pit of Despair Diaries
7/30/2024,Count Rugen,Rodents of Unusual Size: A Field Guide
7/31/2024,Buttercup,Fezzik’s Book of Rhymes
8/1/2024,Inigo Montoya,Miracle Max’s Potion Manual
8/1/2024,Inigo Montoya,The Dread Pirate’s Code
8/2/2024,Inigo Montoya,The Dread Pirate’s Code
8/3/2024,Buttercup,Rodents of Unusual Size: A Field Guide
8/3/2024,Buttercup,The Secret Passage Scrolls
8/4/2024,Miracle Max,The Cliffs of Insanity Climbing Log
8/4/2024,Prince Humperdink,The Cliffs of Insanity Climbing Log
8/6/2024,Buttercup,Buttercup’s Rebellion
8/7/2024,Count Rugen,Buttercup’s Rebellion
8/7/2024,Miracle Max,Fezzik’s Book of Rhymes
8/7/2024,Vizzini,The Royal Wedding of Florin
8/7/2024,Valerie,The Sword of True Love
8/8/2024,Valerie,Buttercup’s Rebellion
8/10/2024,Westley,The Pit of Despair Diaries
8/10/2024,Count Rugen,The Sword of True Love
8/12/2024,Prince Humperdink,The Pit of Despair Diaries
8/12/2024,Valerie,The Revenge Chamber Chronicles
8/12/2024,Count Rugen,The Royal Wedding of Florin
8/13/2024,Count Rugen,Inconceivable Tales
8/13/2024,Prince Humperdink,Miracle Max’s Potion Manual
8/14/2024,Fezzik,Rodents of Unusual Size: A Field Guide
8/15/2024,Miracle Max,Inconceivable Tales
8/16/2024,Valerie,Buttercup’s Rebellion
8/16/2024,Valerie,The Dread Pirate’s Code
8/16/2024,Vizzini,The Revenge Chamber Chronicles
8/17/2024,Buttercup,The Fire Swamp Survival Guide
8/17/2024,Prince Humperdink,The Royal Wedding of Florin
8/18/2024,Count Rugen,The Sword of True Love
8/19/2024,Fezzik,The Royal Wedding of Florin
8/20/2024,Westley,Fezzik’s Book of Rhymes
8/21/2024,Valerie,Rodents of Unusual Size: A Field Guide
8/22/2024,Inigo Montoya,The Sword of True Love
8/23/2024,Miracle Max,Fezzik’s Book of Rhymes
8/23/2024,Vizzini,The Royal Wedding of Florin
8/23/2024,Westley,The Royal Wedding of Florin
8/24/2024,Valerie,Rodents of Unusual Size: A Field Guide
8/24/2024,Westley,The Cliffs of Insanity Climbing Log
8/24/2024,Fezzik,The Cliffs of Insanity Climbing Log
8/24/2024,Valerie,The Tale of the Albino Healer
8/25/2024,Miracle Max,Buttercup’s Rebellion
8/26/2024,Fezzik,Inconceivable Tales
8/26/2024,Count Rugen,The Pit of Despair Diaries
8/26/2024,Prince Humperdink,The Pit of Despair Diaries
8/28/2024,Valerie,The Revenge Chamber Chronicles
8/28/2024,Fezzik,The Secret Passage Scrolls
8/30/2024,Inigo Montoya,The Secret Passage Scrolls
8/31/2024,Buttercup,The Six-Fingered Man’s Memoirs
9/1/2024,Miracle Max,Fezzik’s Book of Rhymes
9/2/2024,Prince Humperdink,The Revenge Chamber Chronicles
9/4/2024,Vizzini,Rodents of Unusual Size: A Field Guide
9/4/2024,Buttercup,The Secret Passage Scrolls
9/5/2024,Westley,The Dread Pirate’s Code
9/7/2024,Buttercup,The Tale of the Albino Healer
9/9/2024,Inigo Montoya,The Cliffs of Insanity Climbing Log
9/9/2024,Count Rugen,The Dread Pirate’s Code
9/10/2024,Buttercup,Fezzik’s Book of Rhymes
9/10/2024,Prince Humperdink,Miracle Max’s Potion Manual
9/11/2024,Miracle Max,The Fire Swamp Survival Guide
9/13/2024,Prince Humperdink,Fezzik’s Book of Rhymes
9/13/2024,Inigo Montoya,Inconceivable Tales
9/13/2024,Count Rugen,The Sword of True Love
9/14/2024,Fezzik,Buttercup’s Rebellion
9/14/2024,Prince Humperdink,The Revenge Chamber Chronicles
9/15/2024,Buttercup,Rodents of Unusual Size: A Field Guide
9/15/2024,Valerie,The Royal Wedding of Florin
9/15/2024,Fezzik,The Secret Passage Scrolls
9/17/2024,Miracle Max,Rodents of Unusual Size: A Field Guide
9/17/2024,Valerie,The Revenge Chamber Chronicles
9/18/2024,Prince Humperdink,Rodents of Unusual Size: A Field Guide
9/18/2024,Fezzik,The Dread Pirate’s Code
9/18/2024,Prince Humperdink,The Secret Passage Scrolls
9/20/2024,Fezzik,The Secret Passage Scrolls
9/21/2024,Prince Humperdink,Inconceivable Tales
9/21/2024,Buttercup,The Revenge Chamber Chronicles
9/22/2024,Count Rugen,The Revenge Chamber Chronicles
9/23/2024,Vizzini,The Sword of True Love
9/24/2024,Westley,The Secret Passage Scrolls
9/25/2024,Valerie,Inconceivable Tales
9/25/2024,Count Rugen,The Dread Pirate’s Code
9/25/2024,Vizzini,The Fire Swamp Survival Guide
9/27/2024,Miracle Max,The Cliffs of Insanity Climbing Log
9/27/2024,Valerie,The Dread Pirate’s Code
9/28/2024,Westley,The Tale of the Albino Healer
9/29/2024,Inigo Montoya,The Fire Swamp Survival Guide
9/29/2024,Vizzini,The Fire Swamp Survival Guide
9/30/2024,Count Rugen,The Royal Wedding of Florin
10/1/2024,Vizzini,The Revenge Chamber Chronicles
10/3/2024,Valerie,Buttercup’s Rebellion
10/3/2024,Westley,Fezzik’s Book of Rhymes
10/3/2024,Valerie,The Pit of Despair Diaries
10/3/2024,Miracle Max,The Six-Fingered Man’s Memoirs
10/4/2024,Westley,The Cliffs of Insanity Climbing Log
10/6/2024,Valerie,Inconceivable Tales
10/6/2024,Count Rugen,The Dread Pirate’s Code
10/8/2024,Fezzik,The Dread Pirate’s Code
10/8/2024,Vizzini,The Revenge Chamber Chronicles
10/8/2024,Prince Humperdink,The Sword of True Love
10/8/2024,Prince Humperdink,The Tale of the Albino Healer
10/9/2024,Inigo Montoya,Rodents of Unusual Size: A Field Guide
10/10/2024,Valerie,The Fire Swamp Survival Guide
10/11/2024,Vizzini,The Dread Pirate’s Code
10/11/2024,Vizzini,The Dread Pirate’s Code
10/11/2024,Fezzik,The Fire Swamp Survival Guide
10/11/2024,Fezzik,The Royal Wedding of Florin
10/12/2024,Westley,Buttercup’s Rebellion
10/12/2024,Westley,The Dread Pirate’s Code
10/12/2024,Fezzik,The Royal Wedding of Florin
10/15/2024,Miracle Max,The Six-Fingered Man’s Memoirs
10/16/2024,Westley,Inconceivable Tales
10/16/2024,Westley,The Revenge Chamber Chronicles
10/16/2024,Vizzini,The Six-Fingered Man’s Memoirs
10/16/2024,Buttercup,The Sword of True Love
10/17/2024,Westley,Rodents of Unusual Size: A Field Guide
10/18/2024,Miracle Max,The Sword of True Love
10/19/2024,Fezzik,The Six-Fingered Man’s Memoirs
10/21/2024,Fezzik,Buttercup’s Rebellion
10/21/2024,Vizzini,Rodents of Unusual Size: A Field Guide
10/21/2024,Inigo Montoya,The Secret Passage Scrolls
10/23/2024,Miracle Max,The Secret Passage Scrolls
10/24/2024,Buttercup,Fezzik’s Book of Rhymes
10/24/2024,Vizzini,The Cliffs of Insanity Climbing Log
10/24/2024,Prince Humperdink,The Dread Pirate’s Code
10/24/2024,Prince Humperdink,The Secret Passage Scrolls
10/26/2024,Vizzini,The Dread Pirate’s Code
10/26/2024,Valerie,The Dread Pirate’s Code
10/26/2024,Westley,The Pit of Despair Diaries
10/27/2024,Miracle Max,Buttercup’s Rebellion
10/27/2024,Buttercup,The Tale of the Albino Healer
10/28/2024,Vizzini,The Sword of True Love
10/29/2024,Inigo Montoya,Buttercup’s Rebellion
10/29/2024,Miracle Max,Miracle Max’s Potion Manual
10/30/2024,Count Rugen,Inconceivable Tales
11/2/2024,Westley,Rodents of Unusual Size: A Field Guide
11/2/2024,Westley,The Dread Pirate’s Code
11/2/2024,Count Rugen,The Sword of True Love
11/3/2024,Valerie,Fezzik’s Book of Rhymes
11/4/2024,Prince Humperdink,Buttercup’s Rebellion
11/4/2024,Valerie,The Cliffs of Insanity Climbing Log
11/4/2024,Westley,The Secret Passage Scrolls
11/5/2024,Vizzini,The Tale of the Albino Healer
11/6/2024,Buttercup,The Six-Fingered Man’s Memoirs
11/7/2024,Miracle Max,The Cliffs of Insanity Climbing Log
11/8/2024,Count Rugen,The Tale of the Albino Healer
11/9/2024,Fezzik,Buttercup’s Rebellion
11/9/2024,Vizzini,Inconceivable Tales
11/10/2024,Count Rugen,Buttercup’s Rebellion
11/10/2024,Miracle Max,The Pit of Despair Diaries
11/11/2024,Valerie,The Revenge Chamber Chronicles
11/13/2024,Count Rugen,The Revenge Chamber Chronicles
11/14/2024,Fezzik,Fezzik’s Book of Rhymes
11/16/2024,Prince Humperdink,Inconceivable Tales
11/17/2024,Prince Humperdink,Buttercup’s Rebellion
11/17/2024,Count Rugen,Inconceivable Tales
11/17/2024,Count Rugen,The Dread Pirate’s Code
11/18/2024,Prince Humperdink,Inconceivable Tales
11/19/2024,Valerie,Inconceivable Tales
11/19/2024,Westley,The Dread Pirate’s Code
11/21/2024,Valerie,Inconceivable Tales
11/21/2024,Westley,The Cliffs of Insanity Climbing Log
11/22/2024,Prince Humperdink,The Pit of Despair Diaries
11/22/2024,Miracle Max,The Royal Wedding of Florin
11/23/2024,Fezzik,Miracle Max’s Potion Manual
11/23/2024,Vizzini,Miracle Max’s Potion Manual
11/23/2024,Buttercup,The Cliffs of Insanity Climbing Log
11/25/2024,Prince Humperdink,Fezzik’s Book of Rhymes
11/25/2024,Westley,The Cliffs of Insanity Climbing Log
11/26/2024,Inigo Montoya,The Six-Fingered Man’s Memoirs
11/27/2024,Valerie,Rodents of Unusual Size: A Field Guide
11/29/2024,Vizzini,The Six-Fingered Man’s Memoirs
12/2/2024,Westley,Inconceivable Tales
12/2/2024,Inigo Montoya,Miracle Max’s Potion Manual
12/2/2024,Prince Humperdink,The Cliffs of Insanity Climbing Log
12/4/2024,Fezzik,The Revenge Chamber Chronicles
12/4/2024,Prince Humperdink,The Revenge Chamber Chronicles
12/5/2024,Fezzik,Fezzik’s Book of Rhymes
12/6/2024,Vizzini,The Dread Pirate’s Code
12/7/2024,Prince Humperdink,The Revenge Chamber Chronicles
12/8/2024,Miracle Max,Miracle Max’s Potion Manual
12/8/2024,Prince Humperdink,Rodents of Unusual Size: A Field Guide
12/8/2024,Prince Humperdink,The Cliffs of Insanity Climbing Log
12/9/2024,Valerie,Fezzik’s Book of Rhymes
12/9/2024,Prince Humperdink,The Pit of Despair Diaries
12/9/2024,Count Rugen,The Six-Fingered Man’s Memoirs
12/11/2024,Fezzik,Buttercup’s Rebellion
12/12/2024,Miracle Max,Fezzik’s Book of Rhymes
12/12/2024,Miracle Max,Miracle Max’s Potion Manual
12/13/2024,Fezzik,Fezzik’s Book of Rhymes
12/13/2024,Vizzini,The Sword of True Love
12/14/2024,Count Rugen,The Six-Fingered Man’s Memoirs
12/15/2024,Inigo Montoya,Fezzik’s Book of Rhymes
12/15/2024,Westley,Fezzik’s Book of Rhymes
12/15/2024,Prince Humperdink,Rodents of Unusual Size: A Field Guide
12/15/2024,Inigo Montoya,The Tale of the Albino Healer
12/16/2024,Prince Humperdink,The Royal Wedding of Florin
12/17/2024,Valerie,Inconceivable Tales
12/17/2024,Prince Humperdink,Rodents of Unusual Size: A Field Guide
12/18/2024,Fezzik,Buttercup’s Rebellion
12/19/2024,Vizzini,The Pit of Despair Diaries
12/19/2024,Buttercup,The Sword of True Love
12/20/2024,Inigo Montoya,Fezzik’s Book of Rhymes
12/21/2024,Valerie,The Royal Wedding of Florin
12/21/2024,Westley,The Sword of True Love
12/22/2024,Miracle Max,The Royal Wedding of Florin
12/22/2024,Miracle Max,The Six-Fingered Man’s Memoirs
12/23/2024,Buttercup,Fezzik’s Book of Rhymes
12/23/2024,Valerie,The Secret Passage Scrolls
12/24/2024,Valerie,Fezzik’s Book of Rhymes
12/24/2024,Westley,The Pit of Despair Diaries
12/24/2024,Buttercup,The Royal Wedding of Florin
12/25/2024,Miracle Max,Rodents of Unusual Size: A Field Guide
12/25/2024,Westley,The Fire Swamp Survival Guide
12/28/2024,Fezzik,Rodents of Unusual Size: A Field Guide
12/28/2024,Vizzini,The Fire Swamp Survival Guide
12/28/2024,Westley,The Six-Fingered Man’s Memoirs
12/29/2024,Vizzini,Rodents of Unusual Size: A Field Guide
12/29/2024,Westley,The Fire Swamp Survival Guide
12/29/2024,Fezzik,The Revenge Chamber Chronicles
12/30/2024,Fezzik,Miracle Max’s Potion Manual
12/30/2024,Prince Humperdink,Rodents of Unusual Size: A Field Guide
12/31/2024,Westley,The Revenge Chamber Chronicles
12/31/2024,Vizzini,The Secret Passage Scrolls
1/1/2025,Miracle Max,Miracle Max’s Potion Manual
1/3/2025,Vizzini,Inconceivable Tales
1/5/2025,Fezzik,Miracle Max’s Potion Manual
1/5/2025,Miracle Max,The Secret Passage Scrolls
1/5/2025,Miracle Max,The Sword of True Love
1/6/2025,Count Rugen,The Royal Wedding of Florin
1/7/2025,Westley,Inconceivable Tales
1/7/2025,Vizzini,The Dread Pirate’s Code
1/7/2025,Vizzini,The Fire Swamp Survival Guide
1/7/2025,Prince Humperdink,The Revenge Chamber Chronicles
1/8/2025,Count Rugen,The Revenge Chamber Chronicles
1/9/2025,Valerie,The Dread Pirate’s Code
1/11/2025,Count Rugen,The Secret Passage Scrolls
1/12/2025,Count Rugen,The Dread Pirate’s Code
1/13/2025,Buttercup,Buttercup’s Rebellion
1/15/2025,Valerie,Buttercup’s Rebellion
1/15/2025,Prince Humperdink,The Dread Pirate’s Code
1/16/2025,Fezzik,Inconceivable Tales
1/16/2025,Valerie,The Royal Wedding of Florin
1/17/2025,Buttercup,Inconceivable Tales
1/17/2025,Westley,Rodents of Unusual Size: A Field Guide
1/17/2025,Buttercup,The Six-Fingered Man’s Memoirs
1/18/2025,Inigo Montoya,The Royal Wedding of Florin
1/18/2025,Inigo Montoya,The Sword of True Love
1/19/2025,Vizzini,The Royal Wedding of Florin
1/20/2025,Vizzini,The Fire Swamp Survival Guide
1/21/2025,Westley,The Cliffs of Insanity Climbing Log
1/21/2025,Prince Humperdink,The Revenge Chamber Chronicles
1/21/2025,Miracle Max,The Six-Fingered Man’s Memoirs
1/22/2025,Vizzini,The Pit of Despair Diaries
1/23/2025,Count Rugen,The Cliffs of Insanity Climbing Log
1/23/2025,Westley,The Revenge Chamber Chronicles
1/26/2025,Valerie,Inconceivable Tales
1/26/2025,Vizzini,Rodents of Unusual Size: A Field Guide
1/26/2025,Westley,The Pit of Despair Diaries
1/26/2025,Fezzik,The Sword of True Love
1/30/2025,Miracle Max,The Secret Passage Scrolls
2/2/2025,Westley,The Six-Fingered Man’s Memoirs
2/3/2025,Buttercup,Inconceivable Tales
2/3/2025,Prince Humperdink,Inconceivable Tales
2/3/2025,Inigo Montoya,The Six-Fingered Man’s Memoirs
2/4/2025,Inigo Montoya,Fezzik’s Book of Rhymes
2/4/2025,Vizzini,The Sword of True Love
2/5/2025,Buttercup,The Royal Wedding of Florin
2/5/2025,Inigo Montoya,The Secret Passage Scrolls
2/6/2025,Prince Humperdink,Inconceivable Tales
2/8/2025,Inigo Montoya,The Six-Fingered Man’s Memoirs
2/10/2025,Vizzini,Rodents of Unusual Size: A Field Guide
2/11/2025,Miracle Max,The Dread Pirate’s Code
2/11/2025,Buttercup,The Revenge Chamber Chronicles
2/11/2025,Count Rugen,The Sword of True Love
2/12/2025,Inigo Montoya,Miracle Max’s Potion Manual
2/13/2025,Fezzik,The Cliffs of Insanity Climbing Log
2/13/2025,Vizzini,The Fire Swamp Survival Guide
2/13/2025,Count Rugen,The Revenge Chamber Chronicles
2/14/2025,Vizzini,Inconceivable Tales
2/14/2025,Count Rugen,Miracle Max’s Potion Manual
2/14/2025,Inigo Montoya,Rodents of Unusual Size: A Field Guide
2/14/2025,Valerie,The Pit of Despair Diaries
2/15/2025,Vizzini,The Pit of Despair Diaries
2/16/2025,Inigo Montoya,Inconceivable Tales
2/17/2025,Westley,The Revenge Chamber Chronicles
2/18/2025,Inigo Montoya,Miracle Max’s Potion Manual
2/19/2025,Miracle Max,The Secret Passage Scrolls
2/20/2025,Miracle Max,Rodents of Unusual Size: A Field Guide
2/20/2025,Miracle Max,The Cliffs of Insanity Climbing Log
2/21/2025,Prince Humperdink,Rodents of Unusual Size: A Field Guide
2/21/2025,Fezzik,The Royal Wedding of Florin
2/21/2025,Westley,The Secret Passage Scrolls
2/22/2025,Westley,The Secret Passage Scrolls
2/23/2025,Buttercup,The Dread Pirate’s Code
2/23/2025,Miracle Max,The Royal Wedding of Florin
2/23/2025,Prince Humperdink,The Secret Passage Scrolls
2/24/2025,Westley,The Dread Pirate’s Code
2/24/2025,Count Rugen,The Revenge Chamber Chronicles
2/24/2025,Inigo Montoya,The Six-Fingered Man’s Memoirs
2/26/2025,Inigo Montoya,The Royal Wedding of Florin
2/26/2025,Miracle Max,The Six-Fingered Man’s Memoirs
2/27/2025,Vizzini,Inconceivable Tales
2/28/2025,Valerie,Inconceivable Tales
2/28/2025,Valerie,The Tale of the Albino Healer
3/1/2025,Fezzik,Rodents of Unusual Size: A Field Guide
3/2/2025,Buttercup,The Sword of True Love
3/3/2025,Miracle Max,The Pit of Despair Diaries
3/4/2025,Fezzik,Buttercup’s Rebellion
3/5/2025,Valerie,The Dread Pirate’s Code
3/7/2025,Buttercup,The Royal Wedding of Florin
3/7/2025,Valerie,The Tale of the Albino Healer
3/9/2025,Buttercup,Fezzik’s Book of Rhymes
3/9/2025,Buttercup,The Royal Wedding of Florin
3/9/2025,Miracle Max,The Sword of True Love
3/10/2025,Inigo Montoya,Miracle Max’s Potion Manual
3/10/2025,Buttercup,Miracle Max’s Potion Manual
3/10/2025,Westley,The Pit of Despair Diaries
3/11/2025,Buttercup,The Sword of True Love
3/12/2025,Vizzini,The Secret Passage Scrolls
3/12/2025,Westley,The Secret Passage Scrolls
3/14/2025,Westley,The Revenge Chamber Chronicles
3/14/2025,Miracle Max,The Tale of the Albino Healer
3/15/2025,Fezzik,Inconceivable Tales
3/15/2025,Westley,Miracle Max’s Potion Manual
3/17/2025,Prince Humperdink,The Cliffs of Insanity Climbing Log
3/17/2025,Miracle Max,The Six-Fingered Man’s Memoirs
3/18/2025,Prince Humperdink,The Cliffs of Insanity Climbing Log
3/18/2025,Prince Humperdink,The Cliffs of Insanity Climbing Log
3/19/2025,Prince Humperdink,The Cliffs of Insanity Climbing Log
3/20/2025,Prince Humperdink,The Dread Pirate’s Code
3/20/2025,Miracle Max,The Tale of the Albino Healer
3/21/2025,Westley,The Royal Wedding of Florin
3/21/2025,Prince Humperdink,The Six-Fingered Man’s Memoirs
3/23/2025,Buttercup,The Dread Pirate’s Code
3/23/2025,Count Rugen,The Six-Fingered Man’s Memoirs
3/25/2025,Prince Humperdink,The Dread Pirate’s Code
3/25/2025,Valerie,The Dread Pirate’s Code
3/26/2025,Valerie,Fezzik’s Book of Rhymes
3/26/2025,Buttercup,The Royal Wedding of Florin
3/26/2025,Count Rugen,The Royal Wedding of Florin
3/27/2025,Valerie,Inconceivable Tales
3/27/2025,Vizzini,The Cliffs of Insanity Climbing Log
3/27/2025,Vizzini,The Sword of True Love
3/28/2025,Prince Humperdink,Fezzik’s Book of Rhymes
3/29/2025,Prince Humperdink,The Revenge Chamber Chronicles
3/30/2025,Valerie,Buttercup’s Rebellion
3/30/2025,Valerie,Inconceivable Tales
3/30/2025,Miracle Max,The Revenge Chamber Chronicles
3/31/2025,Inigo Montoya,Buttercup’s Rebellion
4/2/2025,Vizzini,The Pit of Despair Diaries
4/2/2025,Valerie,The Secret Passage Scrolls
4/4/2025,Vizzini,Buttercup’s Rebellion
4/4/2025,Westley,The Dread Pirate’s Code
4/4/2025,Prince Humperdink,The Revenge Chamber Chronicles
4/5/2025,Miracle Max,The Royal Wedding of Florin
4/6/2025,Prince Humperdink,The Revenge Chamber Chronicles
4/6/2025,Miracle Max,The Royal Wedding of Florin
4/6/2025,Fezzik,The Sword of True Love
4/7/2025,Fezzik,The Sword of True Love
4/8/2025,Valerie,Buttercup’s Rebellion
4/9/2025,Inigo Montoya,The Six-Fingered Man’s Memoirs
4/10/2025,Prince Humperdink,The Cliffs of Insanity Climbing Log
4/10/2025,Inigo Montoya,The Royal Wedding of Florin
4/10/2025,Fezzik,The Royal Wedding of Florin
4/11/2025,Count Rugen,The Fire Swamp Survival Guide
4/11/2025,Westley,The Pit of Despair Diaries
4/11/2025,Valerie,The Revenge Chamber Chronicles
4/13/2025,Fezzik,The Cliffs of Insanity Climbing Log
4/15/2025,Vizzini,The Dread Pirate’s Code
4/15/2025,Inigo Montoya,The Tale of the Albino Healer
4/17/2025,Miracle Max,Fezzik’s Book of Rhymes
4/17/2025,Prince Humperdink,The Pit of Despair Diaries
4/17/2025,Buttercup,The Tale of the Albino Healer
4/18/2025,Valerie,The Revenge Chamber Chronicles
4/19/2025,Count Rugen,Miracle Max’s Potion Manual
4/19/2025,Buttercup,The Six-Fingered Man’s Memoirs
4/19/2025,Inigo Montoya,The Sword of True Love
4/20/2025,Prince Humperdink,The Fire Swamp Survival Guide
4/20/2025,Count Rugen,The Royal Wedding of Florin
4/20/2025,Westley,The Sword of True Love
4/21/2025,Fezzik,The Six-Fingered Man’s Memoirs
4/22/2025,Valerie,The Revenge Chamber Chronicles
4/23/2025,Westley,Fezzik’s Book of Rhymes
4/23/2025,Inigo Montoya,Fezzik’s Book of Rhymes
4/23/2025,Inigo Montoya,Inconceivable Tales
4/24/2025,Inigo Montoya,The Pit of Despair Diaries
4/25/2025,Prince Humperdink,The Tale of the Albino Healer
4/26/2025,Prince Humperdink,The Six-Fingered Man’s Memoirs
4/27/2025,Count Rugen,The Six-Fingered Man’s Memoirs
4/28/2025,Fezzik,Fezzik’s Book of Rhymes
4/29/2025,Miracle Max,The Fire Swamp Survival Guide
4/30/2025,Valerie,The Six-Fingered Man’s Memoirs
5/1/2025,Prince Humperdink,The Royal Wedding of Florin
5/2/2025,Valerie,The Six-Fingered Man’s Memoirs
5/3/2025,Westley,Buttercup’s Rebellion
5/3/2025,Westley,Miracle Max’s Potion Manual
5/3/2025,Fezzik,Rodents of Unusual Size: A Field Guide
5/4/2025,Vizzini,Miracle Max’s Potion Manual
5/5/2025,Inigo Montoya,Inconceivable Tales
5/5/2025,Buttercup,The Pit of Despair Diaries
5/6/2025,Vizzini,The Dread Pirate’s Code
5/7/2025,Prince Humperdink,Fezzik’s Book of Rhymes
5/7/2025,Westley,The Fire Swamp Survival Guide
5/8/2025,Miracle Max,Miracle Max’s Potion Manual
5/10/2025,Buttercup,Buttercup’s Rebellion
5/10/2025,Prince Humperdink,The Secret Passage Scrolls
5/10/2025,Fezzik,The Secret Passage Scrolls
5/11/2025,Valerie,The Tale of the Albino Healer
5/12/2025,Inigo Montoya,Inconceivable Tales
5/12/2025,Inigo Montoya,The Dread Pirate’s Code
5/13/2025,Prince Humperdink,Buttercup’s Rebellion
5/13/2025,Prince Humperdink,Buttercup’s Rebellion
5/14/2025,Inigo Montoya,Buttercup’s Rebellion
5/14/2025,Westley,Inconceivable Tales
5/14/2025,Buttercup,The Fire Swamp Survival Guide
5/15/2025,Westley,The Revenge Chamber Chronicles
5/16/2025,Count Rugen,The Pit of Despair Diaries
5/17/2025,Prince Humperdink,Buttercup’s Rebellion
5/17/2025,Miracle Max,The Fire Swamp Survival Guide
5/18/2025,Fezzik,Inconceivable Tales
5/18/2025,Westley,Miracle Max’s Potion Manual
5/19/2025,Miracle Max,Buttercup’s Rebellion
5/19/2025,Westley,Miracle Max’s Potion Manual
5/20/2025,Buttercup,The Fire Swamp Survival Guide
5/21/2025,Buttercup,Buttercup’s Rebellion
5/21/2025,Buttercup,The Secret Passage Scrolls
5/22/2025,Miracle Max,The Sword of True Love
5/22/2025,Inigo Montoya,The Tale of the Albino Healer
5/23/2025,Valerie,Inconceivable Tales
5/24/2025,Prince Humperdink,The Secret Passage Scrolls
5/25/2025,Inigo Montoya,The Revenge Chamber Chronicles
5/27/2025,Fezzik,The Royal Wedding of Florin
5/28/2025,Miracle Max,Fezzik’s Book of Rhymes
5/28/2025,Buttercup,The Cliffs of Insanity Climbing Log
5/28/2025,Prince Humperdink,The Dread Pirate’s Code
5/28/2025,Vizzini,The Dread Pirate’s Code
5/28/2025,Prince Humperdink,The Pit of Despair Diaries
5/29/2025,Westley,The Cliffs of Insanity Climbing Log
5/31/2025,Miracle Max,Inconceivable Tales
5/31/2025,Valerie,The Pit of Despair Diaries
6/1/2025,Fezzik,Inconceivable Tales
6/1/2025,Miracle Max,The Sword of True Love
6/2/2025,Vizzini,Miracle Max’s Potion Manual
6/3/2025,Prince Humperdink,Inconceivable Tales
6/4/2025,Westley,Fezzik’s Book of Rhymes
6/6/2025,Fezzik,The Fire Swamp Survival Guide
6/7/2025,Valerie,Rodents of Unusual Size: A Field Guide
6/7/2025,Buttercup,The Secret Passage Scrolls
6/7/2025,Count Rugen,The Six-Fingered Man’s Memoirs
6/7/2025,Prince Humperdink,The Six-Fingered Man’s Memoirs
6/8/2025,Fezzik,Fezzik’s Book of Rhymes
6/8/2025,Vizzini,The Fire Swamp Survival Guide
6/8/2025,Westley,The Revenge Chamber Chronicles
6/8/2025,Inigo Montoya,The Tale of the Albino Healer
6/9/2025,Inigo Montoya,Miracle Max’s Potion Manual
6/10/2025,Vizzini,The Fire Swamp Survival Guide
6/10/2025,Fezzik,The Royal Wedding of Florin
6/11/2025,Prince Humperdink,Fezzik’s Book of Rhymes
6/11/2025,Count Rugen,The Cliffs of Insanity Climbing Log
6/11/2025,Buttercup,The Revenge Chamber Chronicles
6/11/2025,Inigo Montoya,The Six-Fingered Man’s Memoirs
6/12/2025,Vizzini,Inconceivable Tales
6/12/2025,Miracle Max,The Fire Swamp Survival Guide
6/12/2025,Prince Humperdink,The Sword of True Love
6/14/2025,Vizzini,The Tale of the Albino Healer
6/15/2025,Inigo Montoya,The Revenge Chamber Chronicles
6/15/2025,Prince Humperdink,The Royal Wedding of Florin
6/16/2025,Inigo Montoya,The Sword of True Love
6/17/2025,Prince Humperdink,The Dread Pirate’s Code
6/17/2025,Buttercup,The Fire Swamp Survival Guide
6/19/2025,Westley,Inconceivable Tales
6/19/2025,Fezzik,The Dread Pirate’s Code
6/19/2025,Miracle Max,The Fire Swamp Survival Guide
6/20/2025,Prince Humperdink,Inconceivable Tales
6/20/2025,Count Rugen,The Six-Fingered Man’s Memoirs
6/22/2025,Miracle Max,Buttercup’s Rebellion
6/22/2025,Valerie,The Revenge Chamber Chronicles
6/22/2025,Prince Humperdink,The Tale of the Albino Healer
6/24/2025,Westley,Buttercup’s Rebellion
6/24/2025,Prince Humperdink,The Revenge Chamber Chronicles
6/24/2025,Valerie,The Six-Fingered Man’s Memoirs
6/24/2025,Valerie,The Sword of True Love
6/25/2025,Westley,The Cliffs of Insanity Climbing Log
6/25/2025,Inigo Montoya,The Pit of Despair Diaries
6/25/2025,Vizzini,The Tale of the Albino Healer
6/26/2025,Count Rugen,Buttercup’s Rebellion
6/26/2025,Inigo Montoya,The Fire Swamp Survival Guide
6/26/2025,Fezzik,The Tale of the Albino Healer
6/27/2025,Buttercup,Inconceivable Tales
6/27/2025,Prince Humperdink,The Fire Swamp Survival Guide
6/27/2025,Vizzini,The Sword of True Love
6/30/2025,Fezzik,Fezzik’s Book of Rhymes
6/30/2025,Buttercup,Rodents of Unusual Size: A Field Guide
6/30/2025,Prince Humperdink,The Royal Wedding of Florin
7/1/2025,Fezzik,Rodents of Unusual Size: A Field Guide
7/1/2025,Count Rugen,The Dread Pirate’s Code
7/4/2025,Westley,Buttercup’s Rebellion
7/4/2025,Count Rugen,Fezzik’s Book of Rhymes
7/5/2025,Fezzik,The Cliffs of Insanity Climbing Log
7/6/2025,Valerie,The Sword of True Love
7/7/2025,Prince Humperdink,Rodents of Unusual Size: A Field Guide
7/8/2025,Miracle Max,The Fire Swamp Survival Guide
7/9/2025,Valerie,Miracle Max’s Potion Manual
7/9/2025,Fezzik,The Fire Swamp Survival Guide
7/9/2025,Valerie,The Sword of True Love
7/11/2025,Westley,The Cliffs of Insanity Climbing Log
7/12/2025,Fezzik,The Revenge Chamber Chronicles
7/14/2025,Miracle Max,The Sword of True Love
7/16/2025,Vizzini,The Dread Pirate’s Code
7/16/2025,Valerie,The Pit of Despair Diaries
7/16/2025,Valerie,The Tale of the Albino Healer
7/17/2025,Prince Humperdink,The Dread Pirate’s Code
7/17/2025,Vizzini,The Sword of True Love
7/20/2025,Prince Humperdink,Buttercup’s Rebellion
7/20/2025,Valerie,The Cliffs of Insanity Climbing Log
7/21/2025,Fezzik,The Fire Swamp Survival Guide
7/22/2025,Count Rugen,The Sword of True Love
7/23/2025,Westley,The Sword of True Love
7/24/2025,Buttercup,The Fire Swamp Survival Guide
7/25/2025,Miracle Max,Inconceivable Tales
7/26/2025,Prince Humperdink,Inconceivable Tales
7/30/2025,Vizzini,Fezzik’s Book of Rhymes
7/30/2025,Buttercup,The Sword of True Love
7/31/2025,Inigo Montoya,The Cliffs of Insanity Climbing Log
7/31/2025,Miracle Max,The Dread Pirate’s Code
7/31/2025,Buttercup,The Secret Passage Scrolls
8/1/2025,Westley,The Tale of the Albino Healer
8/3/2025,Inigo Montoya,Fezzik’s Book of Rhymes
8/5/2025,Miracle Max,The Six-Fingered Man’s Memoirs
8/6/2025,Inigo Montoya,Buttercup’s Rebellion
8/6/2025,Fezzik,Fezzik’s Book of Rhymes
8/6/2025,Count Rugen,The Cliffs of Insanity Climbing Log
8/7/2025,Count Rugen,The Dread Pirate’s Code
8/8/2025,Westley,The Six-Fingered Man’s Memoirs
8/9/2025,Miracle Max,Buttercup’s Rebellion
8/10/2025,Vizzini,Buttercup’s Rebellion
8/11/2025,Valerie,The Cliffs of Insanity Climbing Log
8/11/2025,Valerie,The Secret Passage Scrolls
8/13/2025,Miracle Max,Miracle Max’s Potion Manual
8/13/2025,Westley,The Royal Wedding of Florin
8/13/2025,Miracle Max,The Secret Passage Scrolls
8/13/2025,Vizzini,The Tale of the Albino Healer
8/14/2025,Count Rugen,The Pit of Despair Diaries
8/16/2025,Prince Humperdink,Rodents of Unusual Size: A Field Guide
8/16/2025,Prince Humperdink,The Dread Pirate’s Code
8/16/2025,Inigo Montoya,The Tale of the Albino Healer
8/17/2025,Count Rugen,The Cliffs of Insanity Climbing Log
8/18/2025,Vizzini,Inconceivable Tales
8/18/2025,Westley,The Tale of the Albino Healer
8/19/2025,Buttercup,Fezzik’s Book of Rhymes
8/20/2025,Westley,The Cliffs of Insanity Climbing Log
8/20/2025,Valerie,The Revenge Chamber Chronicles
8/21/2025,Westley,The Fire Swamp Survival Guide
8/21/2025,Fezzik,The Tale of the Albino Healer
8/22/2025,Prince Humperdink,Rodents of Unusual Size: A Field Guide
8/22/2025,Count Rugen,Rodents of Unusual Size: A Field Guide
8/22/2025,Valerie,The Fire Swamp Survival Guide
8/23/2025,Inigo Montoya,Miracle Max’s Potion Manual
8/23/2025,Miracle Max,Miracle Max’s Potion Manual
8/23/2025,Valerie,The Tale of the Albino Healer
8/26/2025,Westley,Buttercup’s Rebellion
8/26/2025,Vizzini,Miracle Max’s Potion Manual
8/26/2025,Valerie,The Tale of the Albino Healer
8/27/2025,Miracle Max,The Pit of Despair Diaries
8/28/2025,Inigo Montoya,Inconceivable Tales
8/28/2025,Prince Humperdink,The Tale of the Albino Healer
8/31/2025,Vizzini,The Cliffs of Insanity Climbing Log
8/31/2025,Valerie,The Fire Swamp Survival Guide
9/1/2025,Westley,The Revenge Chamber Chronicles
9/1/2025,Westley,The Sword of True Love
9/2/2025,Inigo Montoya,The Tale of the Albino Healer
9/3/2025,Westley,Buttercup’s Rebellion
9/4/2025,Buttercup,Fezzik’s Book of Rhymes
9/4/2025,Prince Humperdink,Inconceivable Tales
9/6/2025,Valerie,Inconceivable Tales
9/7/2025,Inigo Montoya,The Pit of Despair Diaries
9/8/2025,Buttercup,Inconceivable Tales
9/9/2025,Westley,Miracle Max’s Potion Manual
9/10/2025,Fezzik,The Revenge Chamber Chronicles
9/11/2025,Inigo Montoya,The Fire Swamp Survival Guide
9/11/2025,Prince Humperdink,The Pit of Despair Diaries
9/11/2025,Fezzik,The Six-Fingered Man’s Memoirs
9/13/2025,Valerie,Fezzik’s Book of Rhymes
9/13/2025,Inigo Montoya,The Tale of the Albino Healer
9/13/2025,Vizzini,The Tale of the Albino Healer
9/14/2025,Prince Humperdink,The Cliffs of Insanity Climbing Log
9/14/2025,Miracle Max,The Royal Wedding of Florin
9/18/2025,Count Rugen,Rodents of Unusual Size: A Field Guide
9/20/2025,Valerie,The Secret Passage Scrolls
9/22/2025,Westley,Inconceivable Tales
9/22/2025,Miracle Max,The Six-Fingered Man’s Memoirs
9/22/2025,Prince Humperdink,The Sword of True Love
9/23/2025,Prince Humperdink,Buttercup’s Rebellion
9/23/2025,Count Rugen,Miracle Max’s Potion Manual
9/26/2025,Inigo Montoya,The Cliffs of Insanity Climbing Log
9/26/2025,Count Rugen,The Pit of Despair Diaries
9/27/2025,Fezzik,Buttercup’s Rebellion
9/27/2025,Inigo Montoya,The Revenge Chamber Chronicles
9/28/2025,Vizzini,The Tale of the Albino Healer
9/29/2025,Inigo Montoya,The Revenge Chamber Chronicles
9/30/2025,Vizzini,Buttercup’s Rebellion
9/30/2025,Vizzini,The Tale of the Albino Healer
10/1/2025,Westley,The Pit of Despair Diaries
10/2/2025,Vizzini,The Royal Wedding of Florin
10/4/2025,Vizzini,Rodents of Unusual Size: A Field Guide
10/5/2025,Inigo Montoya,The Six-Fingered Man’s Memoirs
10/6/2025,Fezzik,Buttercup’s Rebellion
10/6/2025,Westley,The Royal Wedding of Florin
10/7/2025,Count Rugen,Miracle Max’s Potion Manual
10/9/2025,Valerie,Fezzik’s Book of Rhymes
10/9/2025,Prince Humperdink,The Dread Pirate’s Code
10/10/2025,Valerie,The Revenge Chamber Chronicles
10/10/2025,Vizzini,The Six-Fingered Man’s Memoirs
10/12/2025,Buttercup,Fezzik’s Book of Rhymes
10/12/2025,Fezzik,The Cliffs of Insanity Climbing Log
10/12/2025,Valerie,The Revenge Chamber Chronicles
10/12/2025,Vizzini,The Royal Wedding of Florin
10/13/2025,Count Rugen,Buttercup’s Rebellion
10/14/2025,Miracle Max,The Dread Pirate’s Code
10/15/2025,Fezzik,The Six-Fingered Man’s Memoirs
10/16/2025,Miracle Max,The Royal Wedding of Florin
10/17/2025,Prince Humperdink,The Revenge Chamber Chronicles
10/18/2025,Vizzini,The Tale of the Albino Healer
10/19/2025,Count Rugen,The Dread Pirate’s Code
10/21/2025,Vizzini,Buttercup’s Rebellion
10/23/2025,Buttercup,The Sword of True Love
10/24/2025,Fezzik,Miracle Max’s Potion Manual
10/24/2025,Fezzik,Rodents of Unusual Size: A Field Guide
10/24/2025,Miracle Max,The Tale of the Albino Healer
10/25/2025,Buttercup,The Secret Passage Scrolls
10/27/2025,Prince Humperdink,Miracle Max’s Potion Manual
10/27/2025,Vizzini,The Revenge Chamber Chronicles
10/29/2025,Inigo Montoya,Rodents of Unusual Size: A Field Guide
10/29/2025,Valerie,The Fire Swamp Survival Guide
10/30/2025,Buttercup,Miracle Max’s Potion Manual
10/31/2025,Inigo Montoya,The Six-Fingered Man’s Memoirs
10/31/2025,Valerie,The Tale of the Albino Healer
11/3/2025,Count Rugen,The Pit of Despair Diaries
11/3/2025,Count Rugen,The Six-Fingered Man’s Memoirs
11/4/2025,Vizzini,Inconceivable Tales
11/4/2025,Fezzik,The Six-Fingered Man’s Memoirs
11/6/2025,Prince Humperdink,Miracle Max’s Potion Manual
11/6/2025,Fezzik,The Pit of Despair Diaries
11/7/2025,Count Rugen,The Pit of Despair Diaries
11/9/2025,Inigo Montoya,Rodents of Unusual Size: A Field Guide
11/9/2025,Buttercup,The Dread Pirate’s Code
11/10/2025,Miracle Max,The Tale of the Albino Healer
11/11/2025,Westley,The Fire Swamp Survival Guide
11/12/2025,Miracle Max,The Tale of the Albino Healer
11/13/2025,Inigo Montoya,The Sword of True Love
11/14/2025,Count Rugen,Inconceivable Tales
11/15/2025,Valerie,The Revenge Chamber Chronicles
11/18/2025,Buttercup,Inconceivable Tales
11/20/2025,Inigo Montoya,Fezzik’s Book of Rhymes
11/20/2025,Miracle Max,Miracle Max’s Potion Manual
11/21/2025,Fezzik,Miracle Max’s Potion Manual
11/21/2025,Count Rugen,The Royal Wedding of Florin
11/23/2025,Fezzik,The Six-Fingered Man’s Memoirs
11/24/2025,Count Rugen,Inconceivable Tales
11/24/2025,Fezzik,The Fire Swamp Survival Guide
11/25/2025,Westley,The Royal Wedding of Florin
11/26/2025,Fezzik,The Fire Swamp Survival Guide
11/26/2025,Inigo Montoya,The Royal Wedding of Florin
11/27/2025,Miracle Max,The Pit of Despair Diaries
11/27/2025,Vizzini,The Royal Wedding of Florin
11/28/2025,Inigo Montoya,Miracle Max’s Potion Manual
11/29/2025,Count Rugen,The Revenge Chamber Chronicles
11/29/2025,Buttercup,The Sword of True Love
12/1/2025,Inigo Montoya,Rodents of Unusual Size: A Field Guide
12/1/2025,Fezzik,The Secret Passage Scrolls
12/2/2025,Vizzini,The Pit of Despair Diaries
12/2/2025,Valerie,The Sword of True Love
12/3/2025,Westley,Buttercup’s Rebellion
12/3/2025,Fezzik,The Cliffs of Insanity Climbing Log
12/4/2025,Inigo Montoya,The Pit of Despair Diaries
12/4/2025,Westley,The Royal Wedding of Florin
12/4/2025,Count Rugen,The Sword of True Love
12/5/2025,Valerie,Fezzik’s Book of Rhymes
12/5/2025,Fezzik,The Dread Pirate’s Code
12/5/2025,Inigo Montoya,The Sword of True Love
12/6/2025,Valerie,The Pit of Despair Diaries
12/6/2025,Prince Humperdink,The Revenge Chamber Chronicles
12/7/2025,Westley,The Secret Passage Scrolls
12/9/2025,Count Rugen,Miracle Max’s Potion Manual
12/9/2025,Buttercup,The Secret Passage Scrolls
12/10/2025,Miracle Max,Inconceivable Tales
12/10/2025,Vizzini,The Cliffs of Insanity Climbing Log
12/10/2025,Buttercup,The Pit of Despair Diaries
12/10/2025,Vizzini,The Secret Passage Scrolls
12/11/2025,Count Rugen,The Royal Wedding of Florin
12/11/2025,Count Rugen,The Secret Passage Scrolls
12/13/2025,Count Rugen,The Pit of Despair Diaries
12/16/2025,Inigo Montoya,The Fire Swamp Survival Guide
12/16/2025,Miracle Max,The Pit of Despair Diaries
12/17/2025,Miracle Max,The Revenge Chamber Chronicles
12/17/2025,Buttercup,The Revenge Chamber Chronicles
12/17/2025,Buttercup,The Six-Fingered Man’s Memoirs
12/18/2025,Prince Humperdink,Fezzik’s Book of Rhymes
12/18/2025,Westley,Inconceivable Tales
12/20/2025,Vizzini,The Dread Pirate’s Code
12/20/2025,Count Rugen,The Revenge Chamber Chronicles
12/21/2025,Count Rugen,Inconceivable Tales
12/21/2025,Inigo Montoya,The Secret Passage Scrolls
12/24/2025,Fezzik,The Revenge Chamber Chronicles
12/24/2025,Count Rugen,The Royal Wedding of Florin
12/25/2025,Inigo Montoya,The Tale of the Albino Healer
12/27/2025,Vizzini,The Secret Passage Scrolls
12/27/2025,Miracle Max,The Six-Fingered Man’s Memoirs
12/29/2025,Miracle Max,The Six-Fingered Man’s Memoirs
12/30/2025,Buttercup,The Cliffs of Insanity Climbing Log
